,qid,query
0,156493,Goldfish can grow significantly depending on their environment In small tanks their growth can be stunted while in larger tanks or ponds they can grow much larger Proper nutrition and tank maintenance are also crucial for their growth 
1,1110199,WiFi is a technology for wireless networking providing high speed internet and network connections over greater distances Bluetooth on the other hand is intended for direct device to device connections over shorter distances typically used for connecting peripherals like headsets and keyboards 
2,1063750,The U S entered WWI in 1917 due to several factors including German unrestricted submarine warfare the Zimmermann Telegram and economic ties with the Allies These factors threatened U S national security and economic interests prompting a declaration of war 
3,130510,A declaratory judgment is a legal determination by a court that resolves legal uncertainty for the parties involved It declares the rights duties or obligations of each party without necessarily ordering any specific action or awarding damages 
4,489204,Right pelvic pain can be caused by a variety of issues such as appendicitis ovarian cysts ectopic pregnancy and urinary tract infections It is important to seek medical advice for accurate diagnosis and treatment 
5,573724,Social determinants of health are conditions in the environments where people are born live learn work play and age that affect a wide range of health functioning and quality of life outcomes and risks They include socioeconomic status education neighborhood and physical environment employment and social support networks as well as access to healthcare 
6,1133167,Jamaica typically experiences a tropical climate with hot and humid weather tempered by northeast trade winds It has a wet season from May to November and a dry season from December to April 
7,527433,Cerebral palsy can lead to various types of dysarthria depending on the area of the brain that is affected These types can include spastic ataxic and mixed dysarthria each affecting speech in different ways due to muscle control issues 
8,1037798,Robert Gray can refer to multiple individuals Notably Robert Gray 1755 1806 was an American sea captain known for his explorations of the Pacific Northwest Another notable Robert Gray is a contemporary poet The context of the inquiry is necessary to provide a more specific answer 
9,915593,Sous vide is a versatile cooking method suitable for a variety of foods including meats fish vegetables and even desserts This technique involves vacuum sealing food and cooking it in a water bath at a precisely controlled temperature resulting in evenly cooked tender dishes 
10,264014,The life cycle of a flea from egg to adult typically spans about 21 days but can vary from two weeks to several months depending on environmental conditions The cycle includes four stages egg larva pupa and adult 
11,1121402,Contour plowing is an agricultural technique used on sloped land to reduce soil erosion and water runoff By plowing along the contours of the land it helps preserve topsoil and improve water absorption 
12,962179,The Salvation Army was founded in 1865 by William Booth in London England Initially established as the East London Christian Mission it was renamed in 1878 to better reflect its evangelistic and charitable work 
13,1117099,An active margin is a coastal region where a continental plate is colliding with an oceanic plate leading to significant geological activity such as earthquakes and volcanic eruptions These margins are typically associated with subduction zones 
14,148538,The main difference between an RN Registered Nurse and a BSN Bachelor of Science in Nursing is the level of education An RN is a nurse who has passed the NCLEX RN exam after completing the necessary diploma or associate degree program A BSN is an academic degree awarded after completing a four year undergraduate program 
15,451602,Medicare defines mechanical ventilation as a form of assisted breathing where a machine known as a ventilator helps a patient breathe by delivering air to the lungs through a tube placed in the mouth nose or through a hole in the front of the neck 
16,359349,The midsegment or median of a trapezoid is a line segment that connects the midpoints of the non parallel sides and is parallel to the bases Its length is the average of the lengths of the two bases 
17,1115776,An AML Anti Money Laundering Surveillance Analyst is responsible for monitoring and analyzing financial transactions to detect and report potential money laundering or fraudulent activities as part of compliance with legal and regulatory requirements 
18,1112341,The daily life of Thai people often involves a strong focus on family and social connections with a traditional lifestyle that blends modern influences Many Thais engage in agricultural activities while urban residents might work in various industries Meals are typically social occasions and there is a deep cultural respect for Buddhism 
19,131843,A SIGMET Significant Meteorological Information is a weather advisory issued by meteorological agencies to inform aircraft pilots of non convective weather conditions that may affect the safety of flight operations These include turbulence icing and volcanic ash 
20,104861,The cost of interior concrete flooring can vary widely based on factors such as the size of the area the complexity of the design and regional price differences Typically it ranges from 2 to 15 per square foot with additional costs for finishes and designs 
21,833860,One of the most popular foods in Switzerland is fondue a dish of melted cheese served in a communal pot caquelon or fondue pot over a portable stove r chaud into which diners dip bread using long stemmed forks 
22,207786,Some shark species like the great white shark and the mako shark are partially warm blooded Unlike typical cold blooded fish these sharks can regulate their body temperature through a process called regional endothermy allowing their bodies to remain warmer than the surrounding water 
23,1132213,In yoga the bow pose Dhanurasana should be held for about 15 30 seconds for beginners As one gains more flexibility and strength the duration can be increased up to one or two minutes as per the individual s comfort and capability 
24,1114819,Durable medical equipment DME consists of items that are primarily and customarily used to serve a medical purpose are not typically useful to a person in the absence of illness or injury and are designed for repeated use Common examples include wheelchairs hospital beds and portable oxygen tanks 
25,183378,In biology exons are portions of a gene that are transcribed and then translated into protein They are interspersed with non coding sequences called introns During mRNA processing introns are removed and exons are spliced together to form the final mRNA 
26,1106007,Visceral refers to the internal organs of the body especially those within the abdominal and thoracic cavities The term also extends to a deeper emotional level describing profound or instinctive feelings rather than intellectual or cognitive ones 
27,1124210,Tracheids are part of the xylem the water conducting tissue of plants These elongated cells help transport water and minerals from the roots to other parts of the plant and also contribute to the structural support of the plant 
28,287683,During World War II 85 Liberty ships were built at the J A Jones Construction Company s shipyard in Brunswick Georgia These ships were part of a larger program to produce cargo ships rapidly to support the war effort 
29,490595,RSA Rivest Shamir Adleman is an algorithm used by modern computers to encrypt and decrypt messages The RSA algorithm involves a public key and a private key The public key which is known to everyone can be used to encrypt messages Only the private key which is kept secret can be used to decrypt these messages 
30,1103812,The Commonwealth of Independent States CIS was formed in December 1991 by Belarus Russia and Ukraine following the dissolution of the Soviet Union Other former Soviet republics joined subsequently 
31,87181,Left ventricular hypertrophy is usually caused by prolonged high blood pressure or heart conditions that increase the workload of the heart such as aortic valve stenosis It is the thickening of the heart s left ventricle muscle 
32,443396,LPS laws or Lanterman Petris Short Act refer to California legislation enacted in 1967 to end the inappropriate indefinite and involuntary commitment of mentally ill individuals to provide prompt evaluation and treatment of persons with serious mental disorders and to guarantee and protect public safety 
33,87452,The causes of military suicide are complex and multifactorial Contributing factors may include traumatic stress mental health disorders such as depression or PTSD the challenges of reintegration into civilian life stigma associated with seeking help and personal or familial issues 
34,855410,Theraderm is typically used in dermatology as a brand of skincare products designed to improve the health and appearance of the skin The products range from anti aging creams to treatment for specific skin conditions like acne 
35,1114646,Famvir or famciclovir is an antiviral medication prescribed to treat infections caused by certain types of viruses It is commonly used to treat outbreaks of herpes simplex such as cold sores and genital herpes and can also be used to treat shingles herpes zoster 
36,19335,In anthropology the environment is defined as the complex of physical chemical and biotic factors that act upon an organism or an ecological community and ultimately determine its form and survival It encompasses both natural and human modified ecosystems 
37,47923,Axon terminals also known as synaptic knobs are the distal terminations of the branches of an axon They are responsible for releasing neurotransmitters into the synapse the gap between neurons to communicate with other neurons or muscles 
38,405717,Charles de Gaulle Airport CDG is not located in central Paris it is situated approximately 25 kilometers northeast of the city center It is the main international gateway to Paris and one of the busiest airports in Europe 
39,182539,An example of a monotonic function is f x x 2 when considered over the range 0 where it is strictly increasing A monotonic function is one that either never increases or never decreases as its domain is traversed 
40,1113437,Spruce trees are large evergreen conifers with a conical shape and whorled branches They have sharp pointed leaves known as needles which are attached individually to the branches The bark of a spruce tree can vary from gray to reddish brown 
41,1129237,Hydrogen becomes a liquid below its boiling point of approximately 252 87 degrees Celsius 423 17 degrees Fahrenheit At this extremely low temperature hydrogen can be stored and transported as a liquid which is denser than its gaseous form 
42,146187,The primary difference between a McDouble and a double cheeseburger at McDonald s is the amount of cheese The McDouble comes with one slice of cheese whereas the double cheeseburger has two slices of cheese adding more flavor and calories 
